NEIGHBORHOOD,COMMUNITY
BRYN MAWR,CALHOUN-ISLE
CARAG,CALHOUN-ISLE
CEDAR-ISLES-DEAN,CALHOUN-ISLE
EAST ISLES,CALHOUN-ISLE
ECCO,CALHOUN-ISLE
KENWOOD,CALHOUN-ISLE
LOWRY HILL,CALHOUN-ISLE
LOWRY HILL EAST,CALHOUN-ISLE
WEST CALHOUN,CALHOUN-ISLE
CAMDEN INDUSTRIAL AREA,CAMDEN
CLEVELAND,CAMDEN
FOLWELL,CAMDEN
HUMBOLDT INDUST AREA,CAMDEN
LIND-BOHANON,CAMDEN
MCKINLEY,CAMDEN
SHINGLE CREEK,CAMDEN
VICTORY,CAMDEN
WEBBER-CAMDEN,CAMDEN
DOWNTOWN EAST,CENTRAL
DOWNTOWN WEST,CENTRAL
ELLIOT PARK,CENTRAL
LORING PARK,CENTRAL
NORTHLOOP,CENTRAL
STEVENS SQ/LORING HGTS,CENTRAL
COOPER,LONGFELLOW
HIAWATHA,LONGFELLOW
HOWE,LONGFELLOW
LONGFELLOW,LONGFELLOW
SEWARD,LONGFELLOW
HARRISON,NEAR NORTH
HAWTHORNE,NEAR NORTH
JORDAN,NEAR NORTH
NEAR NORTH,NEAR NORTH
SUMNER-GLENWOOD,NEAR NORTH
WILLARD-HAY,NEAR NORTH
DIAMOND LAKE,NOKOMIS
ERICSSON,NOKOMIS
FIELD,NOKOMIS
HALE,NOKOMIS
KEEWAYDIN,NOKOMIS
MINNEHAHA,NOKOMIS
MORRIS PARK,NOKOMIS
NORTHROP,NOKOMIS
PAGE,NOKOMIS
REGINA,NOKOMIS
WENONAH,NOKOMIS
AUDUBON PARK,NORTHEAST
BELTRAMI,NORTHEAST
BOTTINEAU,NORTHEAST
COLUMBIA,NORTHEAST
HOLLAND,NORTHEAST
LOGAN PARK,NORTHEAST
MARSHALL TERRACE,NORTHEAST
NORTHEAST PARK,NORTHEAST
SHERIDAN,NORTHEAST
ST ANTHONY EAST,NORTHEAST
ST ANTHONY WEST,NORTHEAST
WAITE PARK,NORTHEAST
WINDOM PARK,NORTHEAST
EAST PHILLIPS,PHILLIPS
MIDTOWN PHILLIPS,PHILLIPS
PHILLIPS WEST,PHILLIPS
VENTURA VILLAGE,PHILLIPS
BANCROFT,POWDERHORN
BRYANT,POWDERHORN
CENTRAL,POWDERHORN
CORCORAN,POWDERHORN
LYNDALE,POWDERHORN
POWDERHORN PARK,POWDERHORN
STANDISH,POWDERHORN
WHITTIER,POWDERHORN
ARMATAGE,SOUTHWEST
EAST HARRIET,SOUTHWEST
FULTON,SOUTHWEST
KENNY,SOUTHWEST
KING FIELD,SOUTHWEST
LINDEN HILLS,SOUTHWEST
LYNNHURST,SOUTHWEST
TANGLETOWN,SOUTHWEST
WINDOM,SOUTHWEST
CEDAR RSIDE/WEST BANK,UNIVERSITY
COMO,UNIVERSITY
MARCY-HOLMES,UNIVERSITY
MID CITY INDUSTRIAL AR,UNIVERSITY
NICOLLET IS/EAST BANK,UNIVERSITY
PROSPECT PK/E RIVER RD,UNIVERSITY
UNIVERSITY,UNIVERSITY